Sentiment,id,Date,Query,User,Tweet
4,2014351367,Wed Jun 03 01:14:33 PDT 2009,NO_QUERY,cathyleehart,@just_tam21 hahah its kind of the same as adelaides except a bit bigger 
4,1984531826,Sun May 31 15:17:28 PDT 2009,NO_QUERY,carlawaslike,@Austinjamest sweeeet can't wait to go there with you guys when i get back! 
4,2185079853,Mon Jun 15 16:51:18 PDT 2009,NO_QUERY,Rommellll,You said you changed how wrong i proved you  now whos on the other side.
4,1998128979,Mon Jun 01 18:02:23 PDT 2009,NO_QUERY,pauljopling,I can't wait for New Moon after seeing the trailer 
4,2182994010,Mon Jun 15 13:54:26 PDT 2009,NO_QUERY,thisgoodlife,@nicolassa new drum carder? SWEET! 
4,2064557508,Sun Jun 07 06:35:30 PDT 2009,NO_QUERY,xCitylights,i have mastered the pirouette. i feel happy  now to master those damn glissades...
0,2265877228,Sun Jun 21 07:29:05 PDT 2009,NO_QUERY,isdead,I'm planning to buy a Dell Mini9 on next payday for the iPhone application development... poor me 
0,1986787989,Sun May 31 19:19:14 PDT 2009,NO_QUERY,ohdearr,kristin stewertvis awwwwwkward. and  OMG NEW MOON LOOKS AMAZINGGGG taylor launtner omgggg do me. too many tweets sorry 
4,2061589602,Sat Jun 06 21:11:09 PDT 2009,NO_QUERY,mirandamartinez,"@shannonweiley hi Shannon! Movies are unrelated to raw, actually.  please go to http://www.barufilms.com for more info about my films."
4,1573026905,Mon Apr 20 23:26:03 PDT 2009,NO_QUERY,Sleeperkid,"@MalloyMartini You can reach me at sleeperkid@sleeperkidsworld.com.  And while I love female dogs, I'd rather have pretty ladies over "
0,2209918195,Wed Jun 17 10:57:17 PDT 2009,NO_QUERY,psychohuman,damn !!! os 3 is out! but im in class without wifi  have to wait til 5...
4,2047580326,Fri Jun 05 13:51:56 PDT 2009,NO_QUERY,jamesheart24,"@Andy_kaxmic hi  i'm fine thanks, and you?"
0,1833903026,Mon May 18 00:52:44 PDT 2009,NO_QUERY,t1nk3rb3l1,good morn u guys...not so good for me 
0,2196643514,Tue Jun 16 12:44:38 PDT 2009,NO_QUERY,LexieJonas,ughhhh nothing on tv ready to get out of this house 
4,1981673584,Sun May 31 09:39:14 PDT 2009,NO_QUERY,alwaysblessed,"jason, your clothes are dry. get them out of my way! "
0,1979404177,Sun May 31 02:54:10 PDT 2009,NO_QUERY,xmellyssax,@snufsnuf @WoNoJo everybody pn bnci buat itu.huhu i'm hving this damn headache 
0,2193111750,Tue Jun 16 08:00:47 PDT 2009,NO_QUERY,HLouiseB,Have a very sore cheek from getting smacked in the face by the ball in rounders 
4,1932927821,Tue May 26 22:33:21 PDT 2009,NO_QUERY,TessaLopez,befunky.com awesome 
4,2048536532,Fri Jun 05 15:21:38 PDT 2009,NO_QUERY,WAHMoms,WAHM TIP:Kids napping? Maybe you should too 
4,1989564038,Mon Jun 01 02:00:20 PDT 2009,NO_QUERY,kijjaz,rt @YashimaExteen: ถ้า MS งอน ไม่ทำ OS ขึ้นมาจะเป็นไงบ้างหว่า  &gt;&gt; Windows XP เถื่อนจะยังขายต่อไป �?ละเด็�?ๆ�?็ยังติด hi5 งอม�?งม
0,2174804075,Sun Jun 14 23:21:15 PDT 2009,NO_QUERY,ifuller1,@UrsulaJefferson yeah - not good for FBI - hope they can keep going 
0,1882466409,Fri May 22 06:55:31 PDT 2009,NO_QUERY,saxbabe,Argh! I'm peeling  All that applying cream was for nothing.  The only plus is that it will reduce the horrible tans lines I got.
0,2259724297,Sat Jun 20 18:03:30 PDT 2009,NO_QUERY,BigBreadCed,@prettiwhitt where are you 
4,2066153488,Sun Jun 07 09:59:27 PDT 2009,NO_QUERY,luis_k,"@charlesatan Thanks!  Friends have been teasing me about being an editor on a &quot;girlie magazine,&quot; he he. But wait til they see the New UNO!"
4,2056534645,Sat Jun 06 11:19:19 PDT 2009,NO_QUERY,taisoliveira,@tommcfly i think will be great! 
4,2015504023,Wed Jun 03 04:50:19 PDT 2009,NO_QUERY,robin_parker,@I_am_Heather Tickets are on sale on Friday for their Autumn tour - got to get me some of that 
0,2282653333,Mon Jun 22 11:38:24 PDT 2009,NO_QUERY,SasMelody,"Just watched Saw 2 with Teddy, ewww.. horrible "
4,2001733533,Tue Jun 02 01:53:16 PDT 2009,NO_QUERY,RadiantMarie,I'm OBSESSED with Anthony Bourdain: No Reservations. 
0,1548743556,Fri Apr 17 21:50:26 PDT 2009,NO_QUERY,notsriy,Just had half of my medical tests done today for going to China. . ... Not a fun experience. 
4,1822866207,Sat May 16 20:34:11 PDT 2009,NO_QUERY,MissKitty1923,@jsmithready I certainly miss my kitty's when I am away. Have a good night. 
4,1968000024,Fri May 29 20:35:04 PDT 2009,NO_QUERY,walker_hagius,@Dave_MB Lucky! I want to go to Buddy's.  I want crazy garlicky salad in a wooden mesh bowl while sitting at an off level table.  
4,1836313176,Mon May 18 07:46:23 PDT 2009,NO_QUERY,teriann95,"@jordanknight Hey Jordan, I'm ready!! I am so there, i can't wait!! "
4,2052292514,Sat Jun 06 00:14:53 PDT 2009,NO_QUERY,sakbaboy,hey tweeeps how r y'all ? 
0,2194351771,Tue Jun 16 09:40:46 PDT 2009,NO_QUERY,chrissi1979,bbbbbboooored today. Have come to the awful conclusion that I have no proper friends. 
0,2229368276,Thu Jun 18 15:38:10 PDT 2009,NO_QUERY,Prettybaby891,"Wondering if im PMSing because when i saw that i started to tear up  poor guy, i feel so guilty now."
0,2191435534,Tue Jun 16 05:16:12 PDT 2009,NO_QUERY,MelFrame,Girl set to become Mum at 12... I couldn't even keep my silkworms alive when I was 12. I remember once I accidentally killed 8 in one go 
4,2189660809,Tue Jun 16 00:34:42 PDT 2009,NO_QUERY,esty,@lukewallace that is one awesome find... f@#ken awesome 
4,1969984782,Sat May 30 01:59:31 PDT 2009,NO_QUERY,demiworld,I have to go! bbye everyone! Let's talk later  thanks for those who followed me today! love you all!
4,2045031272,Fri Jun 05 10:08:17 PDT 2009,NO_QUERY,JessWilbur,@lancearmstrong He is so precious! And already tweeting? You must be so proud!  congrats!
0,2214264530,Wed Jun 17 16:29:54 PDT 2009,NO_QUERY,kikukaling,can't believe how expensive groceries are nowadays. what the haay 
4,2189775465,Tue Jun 16 00:52:40 PDT 2009,NO_QUERY,sivan_yaish,@MissRasmus good morning 
4,1754351566,Sun May 10 05:58:09 PDT 2009,NO_QUERY,JaninaBiina,@HaleyBangs haha ohh yeahh the ass one is the best i got'em all in svz- take a look!!!  &lt;3
4,1573947747,Tue Apr 21 03:36:12 PDT 2009,NO_QUERY,Get1more,"I feel like a right tourist snapping away, here's towerbridge!!!  http://twitpic.com/3phfa"
4,1468787821,Tue Apr 07 03:44:15 PDT 2009,NO_QUERY,anm102,Its a great day for a sox game 
4,2015752564,Wed Jun 03 05:26:16 PDT 2009,NO_QUERY,zuppalizzle,ohh he's a pommy? 
0,1975630668,Sat May 30 15:33:58 PDT 2009,NO_QUERY,djgrahamy,@DavidArchie there's no hope for me 
4,1997581616,Mon Jun 01 17:05:58 PDT 2009,NO_QUERY,nicole_smithh,@David_Henrie call selena! 
0,2031240391,Thu Jun 04 09:32:06 PDT 2009,NO_QUERY,jpierce0913,@RetroRewind very sorry to hear that 
0,2301934352,Tue Jun 23 16:06:36 PDT 2009,NO_QUERY,hibelu,"@moltenpanther No, don't do that. "
4,1822539675,Sat May 16 19:48:42 PDT 2009,NO_QUERY,PetPrincessTpa,My pups are really hyper tonight.... Watching them run around the sofa and kitchen table... lol...sooo cute.. 
0,2060247191,Sat Jun 06 18:32:36 PDT 2009,NO_QUERY,LovinJK4ever,@Jessicaca damn no way I can swing that. 
0,1574024733,Tue Apr 21 03:56:28 PDT 2009,NO_QUERY,Random_Friend,anyone have a job they want to give me....? 
4,2176686226,Mon Jun 15 04:30:36 PDT 2009,NO_QUERY,eliierobidoux,happy sonny dayy 
4,1693536569,Sun May 03 22:52:32 PDT 2009,NO_QUERY,ay52,@emizell did you just watch the trailer?? the whole thing is on YT...you should check it out sometime!! 
0,2015250161,Wed Jun 03 04:08:29 PDT 2009,NO_QUERY,bobui,"odd, that an acquitance is finally saying 'i do' and i suddenly feel so incomplete... alone even "
0,2302681343,Tue Jun 23 17:08:51 PDT 2009,NO_QUERY,jazzmentynes,@theweddingdiva I'm waaaaay up. I didn't buy my tix until last Friday  318
0,1981479570,Sun May 31 09:14:23 PDT 2009,NO_QUERY,ay_camille,Just woke up...what to do?what to do?...oh yea  gotta go to work!!!!eh...
4,2188009990,Mon Jun 15 21:09:14 PDT 2009,NO_QUERY,Stace222,"guess im off to bed, listing to &quot;kings of leon&quot; just one more time. work in the am "
4,2049519984,Fri Jun 05 17:01:27 PDT 2009,NO_QUERY,coletteamber,I am excited about my free @daytonalagoon water park tickets! locals - follow them 
4,1979758142,Sun May 31 04:23:08 PDT 2009,NO_QUERY,pinkwands,@Wossy oh fantastic!! thanks for the heads up!!  My hubby has been wanting to watch your show since your part in Extras hehe
4,2054231871,Sat Jun 06 06:53:09 PDT 2009,NO_QUERY,billkaulitzlove,Yay!!! i just got my tokio hotel H+M t-shirt yesterday it it so awesome!!!! 
4,2002422065,Tue Jun 02 04:10:01 PDT 2009,NO_QUERY,nandafreire27,@mileycyrus http://twitpic.com/6fwg3 - its so amaaaaaaaaazing! You're very pretty diva 
0,2065740628,Sun Jun 07 09:11:53 PDT 2009,NO_QUERY,JaggedEdges,Nap  before bringing Jess to the airport. 
4,1694204570,Mon May 04 01:33:11 PDT 2009,NO_QUERY,AxSylum,"@UncleCreepy You can get into Canada, but I can't?  WTF!!!   (Seriously, I'm not allowed to cross the border!)"
4,2174394945,Sun Jun 14 22:27:50 PDT 2009,NO_QUERY,nicoleisthecool,...cow pasture. It was a good day. 
4,2060750506,Sat Jun 06 19:30:25 PDT 2009,NO_QUERY,glennchance,@ChasityRomero then go! Haha 
4,2044429992,Fri Jun 05 09:20:48 PDT 2009,NO_QUERY,lemongeneration,@Ilkee oh alright! hopefully i get to catch it. it past midnight here and i might be going to bed soon  ill try my best to catch it 
0,2328497502,Thu Jun 25 09:39:09 PDT 2009,NO_QUERY,DashDano,@Wizpig - social network 
4,1960695240,Fri May 29 08:21:55 PDT 2009,NO_QUERY,kerryisonfire,Studying out in the sun 
0,2261603291,Sat Jun 20 21:02:57 PDT 2009,NO_QUERY,talk2brielle63,#BTS is not a trending topic anymore 
4,1751784597,Sat May 09 20:16:06 PDT 2009,NO_QUERY,madisonlynch,to atl in the morning then back to Clemson 
0,1898405077,Sat May 23 18:06:08 PDT 2009,NO_QUERY,Marcy_M,@TeslaGirl360 This could have been us.    http://bit.ly/oWZzF
0,1823046236,Sat May 16 20:59:25 PDT 2009,NO_QUERY,Jackie_JEEPster,Watching True Life and updating stuffs...Hope I can sleep tonight  I can't sleep anymore. It's like i'm broken...
0,1982942584,Sun May 31 12:12:04 PDT 2009,NO_QUERY,gnylund,The time stamps on the tweets I'm following are all three hours late.  
0,1970266258,Sat May 30 03:08:37 PDT 2009,NO_QUERY,Rinasphere,@tommcfly The UK has missed you terribly  xxx
0,2253878614,Sat Jun 20 08:53:07 PDT 2009,NO_QUERY,Trickamo,Rip &quot;Bennie k Powell&quot; i will miss ya dearly!!! 
4,2177005356,Mon Jun 15 05:14:46 PDT 2009,NO_QUERY,happyhny,finally taking a nap   
4,2066678104,Sun Jun 07 10:58:21 PDT 2009,NO_QUERY,Xonessa18,Going outside 
0,2193769924,Tue Jun 16 08:54:23 PDT 2009,NO_QUERY,RachelKessler,Yay the sun is back today! Dinner with Kate tonight! Yay someone I know! Butt bad news... I just left by hotel without my room key...ugh! 
0,2006456654,Tue Jun 02 11:11:42 PDT 2009,NO_QUERY,AStansberry,@angiespahr Tabby is napping 
0,1964625066,Fri May 29 14:32:13 PDT 2009,NO_QUERY,mhictire,@a_simple_girl @BuzzEdition I have to miss the festivities this evening.  Heading up the hill and won't have internet and no BB service.
0,1932326741,Tue May 26 21:14:56 PDT 2009,NO_QUERY,thechristinedom,@LadyLunadai Our neighbors are wonderful. I'll miss them next year. 
0,2325974997,Thu Jun 25 06:21:44 PDT 2009,NO_QUERY,peapoles,"Sigh, need to study later.  But i'm going to sleep first and wake up at 11pm!"
0,2242816284,Fri Jun 19 12:40:04 PDT 2009,NO_QUERY,ERiCAo_oRYNE,im goin to Witchita for the weekend then leaving Cambria in Oklahoma with Daniels mom for the week! im gunna be lost without her  ily CLW!
0,1982715358,Sun May 31 11:45:34 PDT 2009,NO_QUERY,debramichelle,"stuck at work, wishing I was enjoying the day "
4,2186694518,Mon Jun 15 19:12:11 PDT 2009,NO_QUERY,yvettexas007,Who wants to go swimming??? 
4,2063438220,Sun Jun 07 02:39:36 PDT 2009,NO_QUERY,yinmao,hmm cookies 
4,1989239938,Mon Jun 01 00:50:01 PDT 2009,NO_QUERY,GallifreyReject,"ok im gonna try to go to bed! night twitterverse..and remember..be YOURSELF! no matter how goofy, weird or mentally special u are  PEACE!"
0,2061746147,Sat Jun 06 21:31:24 PDT 2009,NO_QUERY,tyson_ray,@ecool i'm studying (taking 2 summer classes) and tonight's my only night to do it cuz i'm super busy tomorrow 
0,1834371341,Mon May 18 02:40:46 PDT 2009,NO_QUERY,melissa_batty,Stuck in college  @Chipmunkartist; What exam you doin? Hope it goes well x
4,2061618472,Sat Jun 06 21:14:52 PDT 2009,NO_QUERY,BostAngeles,@_JOLIE_FILLE_ Nice review. Your turning into a pretty good movie critic. 
4,1753989484,Sun May 10 04:28:06 PDT 2009,NO_QUERY,SweetieAngel,Happy mother's day to your mothers 
0,1970639327,Sat May 30 04:40:03 PDT 2009,NO_QUERY,hannahlouu,"Not looking forward to the rest of the weekend, first shut down on my own tonight "
4,2175119247,Mon Jun 15 00:08:02 PDT 2009,NO_QUERY,kailamac,@InKatlinsPahnts hahah yeah 
0,2228773848,Thu Jun 18 14:52:07 PDT 2009,NO_QUERY,defiantprincess,i smell rain !!! it rains in the night only 
0,1881220522,Fri May 22 04:00:04 PDT 2009,NO_QUERY,mattmaloney,still no sign of @xthemusic  there must be  a way of hacking Twitter to find his number through hiz txt updates :?
4,1975815338,Sat May 30 15:57:49 PDT 2009,NO_QUERY,TastyKeish,@Jinesis i would love to hear them  DM me links
0,2262066442,Sat Jun 20 21:49:43 PDT 2009,NO_QUERY,melaniecenicola,my phone is brokennn  i hate being dependent on things.
4,1991624266,Mon Jun 01 07:22:31 PDT 2009,NO_QUERY,curecameron,http://FeltCHicks.etsy.com via @addthis Last WeeK of FREE shipping ! Come take a peek at these really cute items at Low Prices 